"This is less of a defense of Fox per se, but to try and guide the criticism to somewhere more constructive. Analysis of his gaffe aside, I want to push back on the oft-touted expectation that he, as a 'veteran', should know how and when to take control of the game. Fox is not the 30+ year old cerebral point guard that people might associate with the veteran label. He's a 28 year old - younger than Jalen Brunson - with declining athleticism who built his reputation on being an explosive focal point of an offense. He was averaging a career peak of 27ppg just two seasons ago, and was 11th in MVP rankings in a season where he averaged 25ppg on 51.2 FG%. Throughout his Spurs tenure, he's been figuring out not just his role, but also trying to come to terms with someone who doesn't have the same athleticism due to injuries and age. That's quite difficult to accept for someone who's not even 30 yet, and is a common struggle that we've seen from players who were ultra-athletes in their early- to mid-20s. Their maturation into becoming a proper 'veteran point guard' comes after they get past that hump, if and when that happens. (Some commentators have tried to frame Fox as someone with playoff experience, but before this year he literally only played one series, when he was still at the peak of his athletic powers.) His comments after Game 4 really shed light on this - he genuinely thought he could outrun OG, because he almost certainly could in his prime form. His mentality has not caught up with his body, and that shows in his play in crunch situations. If I'm a Spurs fan, I might need to come to terms with the notion that Fox is still undergoing a maturation process himself. Yes, he doesn't need to be a veteran to not make that mistake, but Fox in particular has hardly ever been that guy. To be empathetic - he still has the ability to grow and improve. It's just that people should never have assigned to him labels that he has yet to potentially become.","analysis","Original post; structured argument about Fox maturation with specific stats (27ppg, 11th MVP, 25ppg/51.2 FG%, age 28 vs Brunson), historical comparison with similar athletes"
"The one thing I want to mention is that when the Spurs traded for Fox I imagine that they the Spurs and every one else did not believe the very next season Fox was going to be a starting point guard for a championship team. The Spurs traded for Fox before they got lucky lottery odds again and were able to draft Harper at 3 this year. The Spurs winning the title this year was not on anybodies mind when this trade happened 1 season ago. Nobody thought of Fox as that guy who is the lead guard and main ball handler for a championship team this year when last year he was on the kings. My point is he did a good enough job meeting expectations and now the team's succes is so large that Fox either needs to be credited more or less. I see plenty of people who think it should be less","analysis","Structured argument about FO decision-making and roster needs; references timeline, contract extension context, and multi-player roster considerations"
"They signed him to a 4-year extension when he still had a year left on his contract. Maybe the FO didn't think they would as good this year. But they decided to pay Fox to be their starting PG and highest paid player for Wemby's age 23, 24, 25, and 26 seasons. I think this was just poor talent evaluation on the part of the Spurs FO. They wanted to add a star player... but they went after a fringe all-star, score first PG who was relies on his athleticism to score. And then signed him to a massive contract extension that starts during the years when most players athleticism is declining. They made a finals which is more than most franchises can say. But people panned this trade and extension when they happened for exactly this reason.","analysis","Adds context about extension timing with specific roster framing; supports structured argument about FO strategy"
"I just don't see the point of having Fox, Castle and Harper on the same team if Fox is on a max. Castle/Harper seems like the nobrainer backcourt duo for San Antonio next to Wemby. I think these finals have dropped his value by a lot especially with that behemoth contract","hot_take","Asserts roster incompatibility claim (Fox/Castle/Harper) without supporting evidence; confident opinion stated"
"Castle has a higher turnover rate and lower assist to turnover ratio than Fox. Fox is the stabilizing veteran. Fox is not a traditional floor general style of point guard, and he has had his ups and downs in the playoffs, but he does a better job not turning it over than Castle. My perspective is that the problem isn’t that Fox is not able to be the veteran point guard that this team realized it needed in the finals, but that the front office chose not to put the pieces of a championship team together at the deadline. That might have involved acquiring someone else who could/would get downhill (maybe even by trading Fox?). The Spurs didn’t lose this game because of Fox any more than they lost it because Wemby missed two free throws - really, they lost this game because of long stretches in which they settled for outside shots possession after possession instead of attacking the basket and trying to get to the free throw line.","analysis","Backs up with specific stats: turnover rate, A/TO ratio, rebounding; structured rebuttal with verifiable evidence"
"(I know no one wants to hear this, but his ill-advised layup was the direct result of his smart (veteran?) play to get to the loose rebound and tap it downcourt and chase it down.)","analysis","Makes a causal argument linking the specific layup error to the loss outcome; references matchup context and game situation"
"That’s great and all but we have no evidence that Fox will complete that “maturation process”. There’s really nothing to suggest he can turn into an elite game managing point guard, that’s never been his style. His shooting is streaky bordering on bad and he’s had a few bad mental mistakes and turnovers. He has been pretty bad the entire playoffs 16 ppg on bad efficiency with below average defense. That’s not to say he hasn’t been useful for the Spurs. His ball handling and experience has been useful but ultimately you don’t need to spend 55 mil on that. And I get he’s had an ankle injury but I think everyone knows Harper will surpass him soon. The Fox, Castle, Harper, Wemby minutes have been poor in the playoffs and I don’t think the 3 of them playing together is their best lineup.","hot_take","Challenges maturation claim but without countervailing evidence; asserts absence of proof as confident opposition"
"Indeed, and I hedged by saying if he gets past that hump. I just want people to recognize that he's more of a guy who's recovering from the hangover of his peak athleticism.","analysis","Post author hedges the maturation claim explicitly; makes conditional argument about player development trajectory"
"The biggest issue for San Antonio going forward is his contract. They're paying him to be their second best player, and he's their third best guard. He's going to make $61m in his age 31 season when San Antonio will need to be paying max or near-max contracts to Wemby, Castle, and Harper. They got impatient to build around Wemby and made a terrible unforced error, from an organization that has historically been smarter than that.","analysis","Focuses on contract ($55M figure implied) and roster construction — structured critique with specific financial framing"
"Fox looked like a smart move to take scoring pressure off Wemby. I could see a situation next year where if Spurs get a power forward in the draft who can start, the lineup could be Harper at PG, Fox at SG and Castle at small forward.","analysis","Proposes a plausible future trade scenario with rationale around Wemby development; structured roster-building argument"
"As a spurs fan, don’t need him to control the game as you say, just hold the ball really lol. All jokes aside, fox has been in a different role all year and he has done a great job all things considered. We lost our lead due to about a million mistakes so while I still think Fox had a brain fart, we just didn’t deserve to win the last game..","hot_take","Short assertive take on what Fox needs to do; no supporting evidence for the claim"
"I agree with what you’re saying, it’s like people think he’s a CP3/Mike Conley type of savvy, pass first point guard but that’s just not his game. Definitely more score first and ball dominant. I’m wondering if he has some lingering injuries and hoping he can get a bit of burst back, because he relies so much on using that athleticism to create separation for drives and midrange.","analysis","Compares Fox to CP3/Conley archetype; uses archetype analysis to argue mismatched expectations; evidence is comparative"
"Crazy what if - should Chris Paul have signed a vet min with spurs after being waived by the raptors ? He had excellent chemistry with Wemby and he is exactly the savvy vet that would be a game manager in high pressure situations","hot_take","Speculative what-if about Chris Paul signing with Spurs; stated as a bold idea without supporting argument"
"The fox dialogue has been a massive overreaction. Even if you think Harper will be better next year, they have no backcourt depth. The Spurs wouldn’t be here without fox. Yeah, he’s not a cerebral mastermind, and I doubt he ever will be quite on that level, but his presence and composure brought stability in the middle of that thunder series. Stop trying to scapegoat fox. The spurs aren’t even supposed to be here right now. They’re like 2 years ahead of schedule, and that’s thanks in a large part to Fox.","analysis","Argues Fox discourse is overreaction; references Harper development timeline and specific series results to ground the argument"
"many spurs fans have been dogging on fox all season, even when the team was winning this is not simply a reaction to a single play, it's a buildup of a max-player failing to play up to that standard throughout the course of an entire season","hot_take","Claims fan criticism is justified and systemic, not just about one play; asserts a position about Fox's season-long underperformance"
"If you really step back, Fox has been on good teams in 2023 and 2024 (yes, they still had a winning record here despite not entering the playoffs). Aside from those and this year, he hasn't been in other winning seasons in his 9 seasons in the NBA. While he's been in the league for a while, being in winning situations more times than not would have helped with crucial decision making","analysis","Reviews Fox performance across 2023/2024 seasons, frames playoff context, and draws structured conclusions from historical record"
"for someone who's not even 30 yet, Most NBA players are out of the league by age 30. Fox has more of his career behind him than ahead of him. If Fox doesn't have veteran basketball IQ by now, after being a starting NBA point guard for nine years, it's doubtful he's ever going to achieve it.","hot_take","Challenges the ""not even 30"" framing by asserting most NBA careers end earlier; stated without stats or citation"
"Fox is still by far the best floor general they have. It’s strange he’s still not a great basketball IQ guy but those guys are still so young and they can’t run a proper offense That second half was the epitome of not having a true offense. And yes he’s also to blame for that but he’s the only one there that can at least run an offense They would’ve never gotten this far without Fox. But his contract is just awful and they’re stuck with him unless they give up draft picks","analysis","States Fox is best floor general they have, then pivots to critique inconsistencies; makes comparative observation with evidence implied"
"Yeah, if his contract isn't tradable I think he might benefit in some ways from being a 6th man rather than a starter, think he could work better as a spark of instant offense rather than as lead decision maker. As a Spurs fan I'd rather trade him but theres probably a good chance that isnt possible","hot_take","Speculates Fox might benefit from reduced pressure in a different role; opinion without evidence"
"The problem is not Fox, but Fox and his contract. The spurs have 3 very good guards to share the 2 spots and can all play 30 minutes per night. To move on from fox would cost them a bunch of picks for a MPJ, or decent 2 way power forward to give them some more toughness. Not getting a top tier player - no chance.","analysis","Distinguishes the player from the contract as the real problem; frames around roster construction logic with three guards"
"He’s being paid $55 million a year, almost twice what any other Spur is being paid. The Knicks star, Brunson is getting $29 million.","analysis","Uses specific salary figure ($55M, twice next-highest Spur) to argue contract is the core issue; verifiable stat used structurally"
"Fox plays like an average guard, and the Spurs are hoisting their sixth trophy. That feels like reason enough to run it back at least once","hot_take","Bold claim: Fox plays like an average guard yet Spurs win a sixth trophy; prediction stated with no supporting argument"
"With all due respect hell naw man. Even if he thought that was a free layup, which would be a ridiculous thought no matter what he thought of his current athleticism, it is still clearly advantageous to dribble outside and waste as much clock as you can. Anyone defending that move is bewildering to me. You're just trying to be contrary at a certain point.","reaction","Expresses strong emotional rejection of the framing; ""hell naw man"" tone indicates affective response to specific game event"
"It's also funny because you can count on one hand the number of layups he's attempted or made this series.... He's been very passive once he gets to the rim, often times he just pivot back for a short jumper. There was absolutely no reason for him to take that layup, basically the most blockable shot. Either go strong for a dunk, or just pivot back for a jumper which will waste more time hitting the rim and collecting the rebound. Even better, don't shoot.","analysis","Provides shot-chart context — notes Fox rarely attempts layups this series; uses observable game data to contextualize the mistake"
"Another point people are missing is he is still injured. He is at maybe 80%, and no where near his usual explosiveness. Tbf, if he was at 100% OG wouldn’t have caught him. It was still a dumb decision.","analysis","Raises injury angle: argues Fox is at ~80%, a factor others are ignoring; uses health context to reframe performance critique"
"I agree with your point about him not being a real vet presence. But I also think that the Spurs never really needed that from a player standpoint. They all got drafted/traded to a perfect situation in that regard but with Fox I think 1. They have him too much money even when it was looking like it was worth last season and all of this season up until he got hurt. And yes he’s not really old but he’s old enough and been in the league long enough to know better and not make the kind of mistakes (cause that layup wasn’t the only one) he made last night. I give him some grace with his performance in the post season cause he’s been injured for a good chunk of it but most of his mistakes have nothing to do with that. I honestly think that Dylan starting would be better not because I think he’s a better player than Fox (yet) but in that him as the starting PG in the future of the franchise and him starting with his two co stars would be better long term.","analysis","Acknowledges OP point then adds nuance about crunch-time decision-making using specific game moments to support"
"Fox’s stars when Wemby doesn’t play are pretty fantastic. It really looks like a chemistry issue between the two, because he looks like a great player in his prime when Kornet starts","analysis","References Fox stats when Wemby is absent to argue Fox performs well; uses observable performance data as evidence"
"It was a mistake, but they’ve all made them. Youth can be contagious. He’s always going to be in the toughest spot right now because he’s the only non-homegrown on a massive contract. He’s done a remarkable job of fitting in and not being a diva (at least from the outside looking in). As a Spurs fan who also has always loved the Knicks, game 4 felt about 20% as bad as the Ray Allen shot. Any Spurs fan calling for heads to roll needs to remember how the Spurs bounced back from that 2013 shot. If you think Fox and the Spurs are going to roll over, then they deserve whatever criticism they get. I don’t think this team will do that.","reaction","Dismissive ""it was just a mistake"" response; expresses casual acceptance rather than making a structured claim"
"Yea it’s not that serious tbh, not much on the line this year.","reaction","Agrees it is ""not that serious"" this year — expressive feeling about stakes, no substantive claim"
"In reality, it's not about what Fox did or didn't do. Coach was supposed to call a timeout. He clearly wasn't coaching at that moment. Call the timeout and win the game . If that happens, how does the other team win ? A short clock, you can't foul , in bound to wemby, hold ball game over. Why we putting this on ̈ fox ,coach was ball watching, cause he's in̈experienced. He 100 % could have secured a win . Fox was in̈ battle fighting for a win , reacting , doing what he thought was right. Coach let him down","analysis","Shifts blame to coach for not calling timeout; makes a tactical/structural argument about coaching responsibility"
"Wemby has played professional basketball for many years and is the leader. Wemby “should” know better than to keep shooting from the outside and do what a DPOY does - defend How many points did the Knicks score How was the winning basket was scored, on a rebound Where was Wemby when the winning basket was scored, looking from the perimeter","hot_take","Asserts Wemby is the leader and frames Fox as a complementary piece; bold claim without supporting stats or argument"
"Honestly I think they should also fire the coach as well as trade Fox because not guarding the inbounder when you have a Wemby is so stupid. Especially when the game ends with Towns deflecting the pass on the other end.","hot_take","Calls for both trading Fox and firing the coach; multiple bold assertions without supporting evidence"
